{
    "train_score": 0.5782824000877926,
    "val_score": 0.48688287481530323,
    "step": 19
}
