{
    "accuracy": 0.7614641995172968,
    "precision": 0.37331536388140163,
    "recall": 0.6839506172839506,
    "f1": 0.48299912816041846
}
